"Timestamp","Type","Value"
"2022-10-13 07:15:00","Fatigue","3"
"2022-10-13 07:15:00","HRV","8.36857512048553"
"2022-10-13 07:15:00","Injury","3"
"2022-10-13 07:15:00","Mood","1"
"2022-10-13 07:15:00","Motivation","6"
"2022-10-13 07:15:00","Notes","É agora.
Estou com vontade de avançar em frente, com rotina programada e focado nela.

Vou começar a meter as métricas todas direitas e deixar feedback das sessões.

O objetivo é conseguir ter pelo menos 3 fontes de dados:
-HRV4Trainning
-Training Peaks - Metrics
-Training Peaks - Workouts

E juntar tudo e fazer a minha análise de dados, performance."
"2022-10-13 07:15:00","Overall Feeling","5"
"2022-10-13 07:15:00","Pulse","52"
"2022-10-13 07:15:00","Sickness","5"
"2022-10-13 07:15:00","Sleep Hours","7.97"
"2022-10-13 07:15:00","Sleep Qualilty","5"
"2022-10-13 07:15:00","Soreness","4"
"2022-10-13 07:15:00","Stress","2"
"2022-10-13 07:15:00","Weight Kilograms","71.40"
"2022-10-13 07:15:00","Yesterday's Training","4"
